SERIES,SYMBOL,SECURITY,RECORD_DT,BC_STRT_DT,BC_END_DT,EX_DT,ND_STRT_DT,ND_END_DT,PURPOSE
1C,888SCL26A,SEC RE NCD 8.88% SR II,18/08/2025, , ,18/08/2025, , ,INTEREST PAYMENT         
BE,SILVERTUC,Silver Touch Techno Ltd,19/08/2025, , ,19/08/2025, , ,DIV - RS 0.50 PER SH     
BE,UNIPARTS,Uniparts India Limited,14/08/2025, , ,14/08/2025, , ,INTDIV - RS 8.25 PER SH  
BE,RPEL,Raghav Productivity Enh L,14/08/2025, , ,14/08/2025, , ,DIV - RE 1 PER SH        
BE,EMCURE,Emcure Pharmaceuticals L,14/08/2025, , ,14/08/2025, , ,DIV - RS 3 PER SH        
BE,RKSWAMY,R K Swamy Limited,19/08/2025, , ,19/08/2025, , ,DIV - RS 1.50 PER SH     
BE,IGIL,Internatio Gemm Ins (I) L,15/08/2025, , ,14/08/2025, , ,INTDIV - RS 2.50 PER SH  
BE,LLOYDSENT,Lloyds Enterprises Ltd,14/08/2025, , ,14/08/2025, , ,RIGHTS 1:5 @ PRM RS 38/- 
BE,DENTA,Denta Water N Infra Sol L,14/08/2025, , ,14/08/2025, , ,DIV - RS 2.50 PER SH     
BE,ANUHPHR,Anuh Pharma Limited,15/08/2025, , ,14/08/2025, , ,DIV - RS 1.50 PER SH     
BE,RELIANCE,RELIANCE IND - DEPO SETT.,14/08/2025, , ,14/08/2025, , ,DIV - RS 5.5 PER SH      
BE,ELECTCAST,ELECTROSTEEL CASTINGS LTD,15/08/2025, , ,14/08/2025, , ,DIV - RS 1.40 PER SH     
BE,LGBBROSLTD,LG Balakrishnan & Bros,14/08/2025, , ,14/08/2025, , ,DIV - RS 20 PER SH       
BE,JINDRILL,Jindal Drilling And Indus,14/08/2025, , ,14/08/2025, , ,DIV - RE 1 PER SH        
BE,ASTRAL,Astral Limited,14/08/2025, , ,14/08/2025, , ,DIV - RS 2.25 PER SH     
BE,REFEX,Refex Industries Limited,19/08/2025, , ,19/08/2025, , ,INTDIV - RE 0.50 PER SH  
BE,NCC,NCC Limited,14/08/2025, , ,14/08/2025, , ,DIV - RS 2.20 PER SH     
BE,REPCOHOME,Repco Home Finance Ltd,25/08/2025, , ,25/08/2025, , ,INTDIV - RS 2.50 PER SH  
BE,REPCOHOME,Repco Home Finance Ltd,15/08/2025, , ,14/08/2025, , ,DIV - RS 4 PER SH        
BE,NATHBIOGEN,Nath Bio-Genes (I) Ltd,14/08/2025, , ,14/08/2025, , ,DIV - RS 2 PER SH        
BE,ZENTEC,Zen Technologies Limited,15/08/2025, , ,14/08/2025, , ,DIV - RS 2 PER SH        
BE,VRLLOG,VRL Logistics Limited,14/08/2025, , ,14/08/2025, , ,BONUS 1:1                
BE,HUDCO,Hsg & Urban Dev Corpn Ltd,14/08/2025, , ,14/08/2025, , ,INTDIV - RS 1.15 PER SH  
BE,MGL,Mahanagar Gas Ltd.,14/08/2025, , ,14/08/2025, , ,DIV - RS 18 PER SH       
BE,GVT&D,GE VERNOVA T&D INDIA LTD,22/08/2025, , ,22/08/2025, , ,DIV - RS 5 PER SH        
BE,STARCEMENT,Star Cement Limited,14/08/2025, , ,14/08/2025, , ,INTDIV - RE 1 PER SH     
BE,RECLTD,Rural Electrification Cor,14/08/2025, , ,14/08/2025, , ,DIV - RS 2.60 PER SH     
BE,HDFCBANK,HDFC BANK LTD,27/08/2025, , ,26/08/2025, , ,BONUS 1:1                
BE,HINDPETRO,HINDUSTAN PERTOLEUM CORP,14/08/2025, , ,14/08/2025, , ,DIV - RS 10.50 PER SH    
BE,GODFRYPHLP,Godfrey Phillips-Depo,22/08/2025, , ,22/08/2025, , ,DIV - RS 60 PER SH       
BE,TVSMOTOR,TVS Motor Com - Roll Sett,25/08/2025, , ,25/08/2025, , ,SCH AGMT-BONUS NCRPS 4:1 
BE,J&KBANK,Jammu & Kashmir Bank ,19/08/2025, , ,19/08/2025, , ,DIV - RS 2.15 PER SH     
BE,KARURVYSYA,Karur Vysya Bank Ltd,26/08/2025, , ,26/08/2025, , ,BONUS 1:5                
BE,APOLLOHOSP,Apollo Hospitals Ltd-Depo,19/08/2025, , ,19/08/2025, , ,DIV - RS 10 PER SH       
BE,BEL,Bharat Electronics Ltd,14/08/2025, , ,14/08/2025, , ,DIV - RS 0.90 PER SH     
BE,NATCOPHARM,Natco Pharma Limited,19/08/2025, , ,19/08/2025, , ,INTDIV - RS 2 PER SH     
BE,TFCILTD,Tourism Finance Corp ,14/08/2025, , ,14/08/2025, , ,DIV - RS 3 PER SH        
BE,KOTHARIPET,Kothari Petrochem Ltd,19/08/2025, , ,19/08/2025, , ,INTDIV - RE 1 PER SH     
BE,MAHSEAMLES,Maha Seamless Ltd,14/08/2025, , ,14/08/2025, , ,DIV - RS 10 PER SH       
BE,MURUDCERA,Murudeshwar Ceram Ltd,14/08/2025, , ,14/08/2025, , ,DIV - RS 0.50 PER SH     
BE,MANGLMCEM,Mangalam Cement Ltd,15/08/2025, , ,14/08/2025, , ,DIV - RS 1.50 PER SH     
BE,WSTCSTPAPR,West Coast Paper Mills,14/08/2025, , ,14/08/2025, , ,DIV - RS 5 PER SH        
BE,ALKALI,Alkali Metals Limited,14/08/2025, , ,14/08/2025, , ,DIV - RE 0.50 PER SH     
BE,NHPC,NHPC Ltd,14/08/2025, , ,14/08/2025, , ,DIV - RS 0.51 PER SH     
BE,VENKEYS,Venky's (India) Limited,14/08/2025, , ,14/08/2025, , ,DIV - RS 10 PER SH       
BE,POWERGRID,Power Grid Corporation of,19/08/2025, , ,19/08/2025, , ,DIV - RS 1.25 PER SH     
BE,INDSWFTLTD,Ind-Swift Limited,14/08/2025, , , , , ,MERGER                   
BE,JKPAPER,JK Paper Limited,18/08/2025, , ,18/08/2025, , ,DIV - RS 5 PER SH        
BE,AARTIIND,Aarti Industries Ltd.,18/08/2025, , ,18/08/2025, , ,DIV - RE 1 PER SH        
BE,BANDHANBNK,Bandhan Bank Limited,14/08/2025, , ,14/08/2025, , ,DIV - RS 1.50 PER SH     
BE,SHIVATEX,Shiva Texyarn Limited,14/08/2025, , ,14/08/2025, , ,DIV - RS 0.60 PER SH     
BE,LLOYDSENGG,LLOYDS ENGG WORK LIMITED,14/08/2025, , ,14/08/2025, , ,DIV - RS 0.25 PER SH     
BE,MUNJALAU,Munjal Auto Industries Li,14/08/2025, , ,14/08/2025, , ,DIV - RE 1 PER SH        
BE,MANGCHEFER,Mangalore Chemicals & Fer,14/08/2025, , ,14/08/2025, , ,DIV - RS 1.50 PER SH     
BE,EXCELINDUS,Excel Industries Ltd,14/08/2025, , ,14/08/2025, , ,DIV - RS 13.75 PER SH    
BE,NBIFIN,N.B.I. Ind. Fin. Co. Ltd,15/08/2025, , ,14/08/2025, , ,DIV - RE 0.50 PER SH     
BE,PFC,Power Finance Corporation,18/08/2025, , ,18/08/2025, , ,INTDIV - RS 3.70 PER SH  
BE,EKC,Everest Kanto Cylinder Li,14/08/2025, , ,14/08/2025, , ,DIV - RS 0.70 PER SH     
BE,GPIL,Godawari Power And Ispat,16/08/2025, , ,14/08/2025, , ,DIV - RE 1 PER SH        
BE,NMDC,NMDC Limited,14/08/2025, , ,14/08/2025, , ,DIV - RE 1 PER SH        
BE,ACE,Action Construction Equip,14/08/2025, , ,14/08/2025, , ,DIV - RS 2 PER SH        
BE,MINDACORP,Minda Corporation Ltd,14/08/2025, , ,14/08/2025, , ,DIV - RS 0.90 PER SH     
BE,VAIBHAVGBL,Vaibhav Gems Ltd,14/08/2025, , ,14/08/2025, , ,INTDIV - RS 1.50 PER SH  
BE,ROSSELLIND,Rossell India Limited,15/08/2025, , ,14/08/2025, , ,DIV - RE 0.40 PER SH     
BE,MANAPPURAM,Manappuram Finance Ltd,14/08/2025, , ,14/08/2025, , ,INTDIV - RS 0.50 PER SH  
BE,GLAND,Gland Pharma Limited,14/08/2025, , ,14/08/2025, , ,DIV - RS 18 PER SH       
BE,UDAICEMENT,Udaipur Cement Works Ltd,25/08/2025, , ,25/08/2025, , ,MERGER                   
BE,SHYAMMETL,Shyam Metalics and Engy L,19/08/2025, , ,19/08/2025, , ,DIV - RS 2.25 PER SH     
BE,BHAGCHEM,Bhagiradha Chem & Inds L,14/08/2025, , ,14/08/2025, , ,DIV - RS 0.15 PER SH     
BE,FIVESTAR,Five-Star Bus Fin Ltd,14/08/2025, , ,14/08/2025, , ,DIV - RS 2 PER SH        
BE,SAHYADRI,Sahyadri Industries Ltd,15/08/2025, , ,14/08/2025, , ,DIV - RE 1 PER SH        
BE,DEVIT,Dev Info Technology Ltd,21/08/2025, , ,21/08/2025, , ,FV SPLT FRM RS 5 TO RS 2 
BE,RAMRAT,Ram Ratna Wires Limited,18/08/2025, , ,18/08/2025, , ,DIV - RS 2.50 PER SH     
BZ,REFEX,Refex Industries Limited,19/08/2025, , ,19/08/2025, , ,INTDIV - RE 0.50 PER SH  
EQ,UNIPARTS,Uniparts India Limited,14/08/2025, , ,14/08/2025, , ,INTDIV - RS 8.25 PER SH  
EQ,RPEL,Raghav Productivity Enh L,14/08/2025, , ,14/08/2025, , ,DIV - RE 1 PER SH        
EQ,EMCURE,Emcure Pharmaceuticals L,14/08/2025, , ,14/08/2025, , ,DIV - RS 3 PER SH        
EQ,RKSWAMY,R K Swamy Limited,19/08/2025, , ,19/08/2025, , ,DIV - RS 1.50 PER SH     
EQ,IGIL,Internatio Gemm Ins (I) L,15/08/2025, , ,14/08/2025, , ,INTDIV - RS 2.50 PER SH  
EQ,LLOYDSENT,Lloyds Enterprises Ltd,14/08/2025, , ,14/08/2025, , ,RIGHTS 1:5 @ PRM RS 38/- 
EQ,DENTA,Denta Water N Infra Sol L,14/08/2025, , ,14/08/2025, , ,DIV - RS 2.50 PER SH     
EQ,ANUHPHR,Anuh Pharma Limited,15/08/2025, , ,14/08/2025, , ,DIV - RS 1.50 PER SH     
EQ,MURUDCERA,Murudeshwar Ceram Ltd,14/08/2025, , ,14/08/2025, , ,DIV - RS 0.50 PER SH     
EQ,J&KBANK,Jammu & Kashmir Bank ,19/08/2025, , ,19/08/2025, , ,DIV - RS 2.15 PER SH     
EQ,LGBBROSLTD,LG Balakrishnan & Bros,14/08/2025, , ,14/08/2025, , ,DIV - RS 20 PER SH       
EQ,ASTRAL,Astral Limited,14/08/2025, , ,14/08/2025, , ,DIV - RS 2.25 PER SH     
EQ,REFEX,Refex Industries Limited,19/08/2025, , ,19/08/2025, , ,INTDIV - RE 0.50 PER SH  
EQ,NCC,NCC Limited,14/08/2025, , ,14/08/2025, , ,DIV - RS 2.20 PER SH     
EQ,REPCOHOME,Repco Home Finance Ltd,25/08/2025, , ,25/08/2025, , ,INTDIV - RS 2.50 PER SH  
EQ,REPCOHOME,Repco Home Finance Ltd,15/08/2025, , ,14/08/2025, , ,DIV - RS 4 PER SH        
EQ,NATHBIOGEN,Nath Bio-Genes (I) Ltd,14/08/2025, , ,14/08/2025, , ,DIV - RS 2 PER SH        
EQ,VRLLOG,VRL Logistics Limited,14/08/2025, , ,14/08/2025, , ,BONUS 1:1                
EQ,MGL,Mahanagar Gas Ltd.,14/08/2025, , ,14/08/2025, , ,DIV - RS 18 PER SH       
EQ,STARCEMENT,Star Cement Limited,14/08/2025, , ,14/08/2025, , ,INTDIV - RE 1 PER SH     
EQ,RECLTD,Rural Electrification Cor,14/08/2025, , ,14/08/2025, , ,DIV - RS 2.60 PER SH     
EQ,AARTIIND,Aarti Industries Ltd.,18/08/2025, , ,18/08/2025, , ,DIV - RE 1 PER SH        
EQ,TFCILTD,Tourism Finance Corp ,14/08/2025, , ,14/08/2025, , ,DIV - RS 3 PER SH        
EQ,APOLLOHOSP,Apollo Hospitals Ltd,19/08/2025, , ,19/08/2025, , ,DIV - RS 10 PER SH       
EQ,MANGLMCEM,Mangalam Cement Ltd,15/08/2025, , ,14/08/2025, , ,DIV - RS 1.50 PER SH     
EQ,HUDCO,Hsg & Urban Dev Corpn Ltd,14/08/2025, , ,14/08/2025, , ,INTDIV - RS 1.15 PER SH  
EQ,MAHSEAMLES,Maha Seamless Ltd,14/08/2025, , ,14/08/2025, , ,DIV - RS 10 PER SH       
EQ,HINDPETRO,Hindustan Petroleum Corp,14/08/2025, , ,14/08/2025, , ,DIV - RS 10.50 PER SH    
EQ,EKC,Everest Kanto Cylinder Li,14/08/2025, , ,14/08/2025, , ,DIV - RS 0.70 PER SH     
EQ,KARURVYSYA,Karur Vysya Bank Ltd,26/08/2025, , ,26/08/2025, , ,BONUS 1:5                
EQ,WSTCSTPAPR,West Coast Paper Mills,14/08/2025, , ,14/08/2025, , ,DIV - RS 5 PER SH        
EQ,BEL,Bharat Electronics Ltd,14/08/2025, , ,14/08/2025, , ,DIV - RS 0.90 PER SH     
EQ,TVSMOTOR,TVS Motor Company Limited,25/08/2025, , ,25/08/2025, , ,SCH AGMT-BONUS NCRPS 4:1 
EQ,KOTHARIPET,Kothari Petrochem Ltd,19/08/2025, , ,19/08/2025, , ,INTDIV - RE 1 PER SH     
EQ,RELIANCE,Reliance Industries Ltd,14/08/2025, , ,14/08/2025, , ,DIV - RS 5.5 PER SH      
EQ,ALKALI,Alkali Metals Limited,14/08/2025, , ,14/08/2025, , ,DIV - RE 0.50 PER SH     
EQ,NHPC,NHPC Ltd,14/08/2025, , ,14/08/2025, , ,DIV - RS 0.51 PER SH     
EQ,VENKEYS,Venky's (India) Limited,14/08/2025, , ,14/08/2025, , ,DIV - RS 10 PER SH       
EQ,INDSWFTLTD,Ind-Swift Limited,14/08/2025, , , , , ,MERGER                   
EQ,POWERGRID,Power Grid Corporation of,19/08/2025, , ,19/08/2025, , ,DIV - RS 1.25 PER SH     
EQ,ACE,Action Construction Equip,14/08/2025, , ,14/08/2025, , ,DIV - RS 2 PER SH        
EQ,JKPAPER,JK Paper Limited,18/08/2025, , ,18/08/2025, , ,DIV - RS 5 PER SH        
EQ,BANDHANBNK,Bandhan Bank Limited,14/08/2025, , ,14/08/2025, , ,DIV - RS 1.50 PER SH     
EQ,GODFRYPHLP,Godfrey Phillips Ltd.,22/08/2025, , ,22/08/2025, , ,DIV - RS 60 PER SH       
EQ,ELECTCAST,Electrosteel Cast Ltd.,15/08/2025, , ,14/08/2025, , ,DIV - RS 1.40 PER SH     
EQ,ROSSELLIND,Rossell India Limited,15/08/2025, , ,14/08/2025, , ,DIV - RE 0.40 PER SH     
EQ,NATCOPHARM,Natco Pharma Limited,19/08/2025, , ,19/08/2025, , ,INTDIV - RS 2 PER SH     
EQ,JINDRILL,Jindal Drilling And Indus,14/08/2025, , ,14/08/2025, , ,DIV - RE 1 PER SH        
EQ,MUNJALAU,Munjal Auto Industries Li,14/08/2025, , ,14/08/2025, , ,DIV - RE 1 PER SH        
EQ,MANGCHEFER,Mangalore Chemicals & Fer,14/08/2025, , ,14/08/2025, , ,DIV - RS 1.50 PER SH     
EQ,EXCELINDUS,Excel Industries Limited,14/08/2025, , ,14/08/2025, , ,DIV - RS 13.75 PER SH    
EQ,NBIFIN,N.B.I. Ind. Fin. Co. Ltd,15/08/2025, , ,14/08/2025, , ,DIV - RE 0.50 PER SH     
EQ,PFC,Power Finance Corporation,18/08/2025, , ,18/08/2025, , ,INTDIV - RS 3.70 PER SH  
EQ,GPIL,Godawari Power And Ispat,16/08/2025, , ,14/08/2025, , ,DIV - RE 1 PER SH        
EQ,NMDC,NMDC Limited,14/08/2025, , ,14/08/2025, , ,DIV - RE 1 PER SH        
EQ,SHIVATEX,Shiva Texyarn Limited,14/08/2025, , ,14/08/2025, , ,DIV - RS 0.60 PER SH     
EQ,HDFCBANK,HDFC Bank Ltd.,27/08/2025, , ,26/08/2025, , ,BONUS 1:1                
EQ,MINDACORP,Minda Corporation Ltd,14/08/2025, , ,14/08/2025, , ,DIV - RS 0.90 PER SH     
EQ,VAIBHAVGBL,Vaibhav Gems Limited,14/08/2025, , ,14/08/2025, , ,INTDIV - RS 1.50 PER SH  
EQ,ZENTEC,Zen Technologies Limited,15/08/2025, , ,14/08/2025, , ,DIV - RS 2 PER SH        
EQ,MANAPPURAM,Manappuram Finance Ltd,14/08/2025, , ,14/08/2025, , ,INTDIV - RS 0.50 PER SH  
EQ,LLOYDSENGG,LLOYDS ENGG WORK LIMITED,14/08/2025, , ,14/08/2025, , ,DIV - RS 0.25 PER SH     
EQ,GVT&D,GE VERNOVA T&D INDIA LTD,22/08/2025, , ,22/08/2025, , ,DIV - RS 5 PER SH        
EQ,GLAND,Gland Pharma Limited,14/08/2025, , ,14/08/2025, , ,DIV - RS 18 PER SH       
EQ,UDAICEMENT,Udaipur Cement Works Ltd,25/08/2025, , ,25/08/2025, , ,MERGER                   
EQ,SHYAMMETL,Shyam Metalics and Engy L,19/08/2025, , ,19/08/2025, , ,DIV - RS 2.25 PER SH     
EQ,BHAGCHEM,Bhagiradha Chem & Inds L,14/08/2025, , ,14/08/2025, , ,DIV - RS 0.15 PER SH     
EQ,FIVESTAR,Five-Star Bus Fin Ltd,14/08/2025, , ,14/08/2025, , ,DIV - RS 2 PER SH        
EQ,SAHYADRI,Sahyadri Industries Ltd,15/08/2025, , ,14/08/2025, , ,DIV - RE 1 PER SH        
EQ,DEVIT,Dev Info Technology Ltd,21/08/2025, , ,21/08/2025, , ,FV SPLT FRM RS 5 TO RS 2 
EQ,RAMRAT,Ram Ratna Wires Limited,18/08/2025, , ,18/08/2025, , ,DIV - RS 2.50 PER SH     
EQ,SILVERTUC,Silver Touch Techno Ltd,19/08/2025, , ,19/08/2025, , ,DIV - RS 0.50 PER SH     
GS,824GS2027,GOI LOAN 8.24%2027,14/08/2025, , ,14/08/2025, , ,INTEREST PAYMENT         
GS,828GS2032,GOI LOAN 8.28%2032,14/08/2025, , ,14/08/2025, , ,INTEREST PAYMENT         
GS,GS220825C,GOI STRIPS C 220825,20/08/2025, , , , , ,REDEMPTION               
IV,INTERISE,Interise Trust,15/08/2025, , ,14/08/2025, , ,DIV/DISTRIBU - RS 1.19   
M2,960IIFL30,IIFL 9.60% Tr I Sr VIII,18/08/2025, , ,18/08/2025, , ,INTEREST PAYMENT         
MF,BSLIQPIRDP,BSL IIF- QP - SI -RPDP,22/08/2025, , , , , ,STP                      
MF,BSLIFQPIDG,BIRLASLAMC - BSLIFQPIDG,22/08/2025, , , , , ,STP                      
MF,BSLIQPIRG,BSL IIF- QP - SI -RPG,22/08/2025, , , , , ,STP                      
MF,BSLIQPIIDP,BSL IIF- QP - SI -IPDP,22/08/2025, , , , , ,STP                      
N0,773AIFL28,AIF 7.73 2028 PPD3STRPII,14/08/2025, , ,14/08/2025, , ,INTEREST PAYMENT         
N0,925IIFL32,IIFL 9.25% Sr D33 OP B,18/08/2025, , ,18/08/2025, , ,INTEREST PAYMENT         
N0,950ISF26,IIFL Samasta 9.50% 2026,15/08/2025, , ,14/08/2025, , ,INT PAYMNT/PART REDEMPTN 
N0,756RECL27,REC 7.56% 2027 Sr 236B,18/08/2025, , ,18/08/2025, , ,INTEREST PAYMENT         
N0,980IIFL26,IIFL 9.80% 2026 Sr D27,18/08/2025, , ,18/08/2025, , ,INTEREST PAYMENT         
N0,950ISF26A,ISF 9.50% 2026,16/08/2025, , ,14/08/2025, , ,INT PAYMENT/PART REDMPTN 
N0,773AIFL26,AIF 7.73% 2026 D2 STRPPI,14/08/2025, , ,14/08/2025, , ,INTEREST PAYMENT         
N0,761LIC34,LIC 7.61% 2034 Tr 445,14/08/2025, , ,14/08/2025, , ,INTEREST PAYMENT         
N0,745RECL35,REC 7.45% 2035 Sr 236A,18/08/2025, , ,18/08/2025, , ,INTEREST PAYMENT         
N1,89IHFL29,IIFL Home Finance Limited,14/08/2025, , ,14/08/2025, , ,INTEREST PAYMENT         
N1,865IHFL27,IIFL Home Finance Limited,14/08/2025, , ,14/08/2025, , ,INTEREST PAYMENT         
N3,842SCL27,SCL 8.42% 2027 Sr II,18/08/2025, , ,18/08/2025, , ,INTEREST PAYMENT         
N4,865SCL27,SCL 8.65% 2027 Sr II,18/08/2025, , ,18/08/2025, , ,INTEREST PAYMENT         
N4,897MOFSL29,Sec Re NCD 8.97% Sr V,16/08/2025, , ,14/08/2025, , ,INTEREST PAYMENT         
N6,93MOFSL34,Sec Re NCD 9.30% Sr VII,16/08/2025, , ,14/08/2025, , ,INTEREST PAYMENT         
N8,920IIFLS26,Sec Re NCD 9.20% Sr I,17/08/2025, , ,14/08/2025, , ,INTEREST PAYMENT         
N9,865SCL28,SCL 8.65% 2028 Sr V,18/08/2025, , ,18/08/2025, , ,INTEREST PAYMENT         
NA,957IIFLS27,Sec Re NCD 9.57% Sr III,17/08/2025, , ,14/08/2025, , ,INTEREST PAYMENT         
NA,888SCL28,SCL 8.88% 2028 Sr V,18/08/2025, , ,18/08/2025, , ,INTEREST PAYMENT         
NC,1003IIFL29,Sec Re NCD 10.03% Sr V,17/08/2025, , ,14/08/2025, , ,INTEREST PAYMENT         
NE,902SCL30,SCL 9.02% 2030 Sr VIII,18/08/2025, , ,18/08/2025, , ,INTEREST PAYMENT         
NF,925SCL30,SCL 9.25% 2030 Sr VIII,18/08/2025, , ,18/08/2025, , ,INTEREST PAYMENT         
NG,902SCL2030,SCL 9.02% 2030 Sr IX,18/08/2025, , ,18/08/2025, , ,INTEREST PAYMENT         
NH,925SCL30A,SCL 9.25% 2030 Sr IX,18/08/2025, , ,18/08/2025, , ,INTEREST PAYMENT         
NK,920SCL32,SCL 9.20% 2032 Sr XI,18/08/2025, , ,18/08/2025, , ,INTEREST PAYMENT         
NL,945SCL32,SCL 9.45% 2032 Sr XI,18/08/2025, , ,18/08/2025, , ,INTEREST PAYMENT         
NN,930SCL35,SCL 9.30% 2035 Sr XIII,18/08/2025, , ,18/08/2025, , ,INTEREST PAYMENT         
NO,955SCL35,SCL 9.55% 2035 Sr XIII,18/08/2025, , ,18/08/2025, , ,INTEREST PAYMENT         
NR,770RECL26,REC 7.70% 2026 Sr 234-A,18/08/2025, , ,18/08/2025, , ,INTEREST PAYMENT         
NZ,935IIFL28,IIFL 9.35% Tr I Sr V,18/08/2025, , ,18/08/2025, , ,INTEREST PAYMENT         
SG,589RJ25,SDL RJ 5.89% 2025,22/08/2025, , , , , ,REDEMPTION               
SG,604KL25,SDL KL 6.04% 2025,22/08/2025, , , , , ,REDEMPTION               
SM,CMRSL,Cyber Media Res & Ser Ltd,19/08/2025, , ,19/08/2025, , ,DIV - RS 2 PER SH        
SQ,CMRSL,Cyber Media Res & Ser Ltd,19/08/2025, , ,19/08/2025, , ,DIV - RS 2 PER SH        
ST,CMRSL,Cyber Media Res & Ser Ltd,19/08/2025, , ,19/08/2025, , ,DIV - RS 2 PER SH        
U1,89IHFL29,IIFL Home Finance Limited,14/08/2025, , ,14/08/2025, , ,INTEREST PAYMENT         
U1,865IHFL27,IIFL Home Finance Limited,14/08/2025, , ,14/08/2025, , ,INTEREST PAYMENT         
U3,842SCL27,SCL 8.42% 2027 Sr II,18/08/2025, , ,18/08/2025, , ,INTEREST PAYMENT         
U4,865SCL27,SCL 8.65% 2027 Sr II,18/08/2025, , ,18/08/2025, , ,INTEREST PAYMENT         
U4,897MOFSL29,Sec Re NCD 8.97% Sr V,16/08/2025, , ,14/08/2025, , ,INTEREST PAYMENT         
U6,93MOFSL34,Sec Re NCD 9.30% Sr VII,16/08/2025, , ,14/08/2025, , ,INTEREST PAYMENT         
U8,920IIFLS26,Sec Re NCD 9.20% Sr I,17/08/2025, , ,14/08/2025, , ,INTEREST PAYMENT         
U9,865SCL28,SCL 8.65% 2028 Sr V,18/08/2025, , ,18/08/2025, , ,INTEREST PAYMENT         
UA,957IIFLS27,Sec Re NCD 9.57% Sr III,17/08/2025, , ,14/08/2025, , ,INTEREST PAYMENT         
UA,888SCL28,SCL 8.88% 2028 Sr V,18/08/2025, , ,18/08/2025, , ,INTEREST PAYMENT         
UC,1003IIFL29,Sec Re NCD 10.03% Sr V,17/08/2025, , ,14/08/2025, , ,INTEREST PAYMENT         
UE,902SCL30,SCL 9.02% 2030 Sr VIII,18/08/2025, , ,18/08/2025, , ,INTEREST PAYMENT         
UF,925SCL30,SCL 9.25% 2030 Sr VIII,18/08/2025, , ,18/08/2025, , ,INTEREST PAYMENT         
UG,902SCL2030,SCL 9.02% 2030 Sr IX,18/08/2025, , ,18/08/2025, , ,INTEREST PAYMENT         
UH,925SCL30A,SCL 9.25% 2030 Sr IX,18/08/2025, , ,18/08/2025, , ,INTEREST PAYMENT         
UK,920SCL32,SCL 9.20% 2032 Sr XI,18/08/2025, , ,18/08/2025, , ,INTEREST PAYMENT         
UL,945SCL32,SCL 9.45% 2032 Sr XI,18/08/2025, , ,18/08/2025, , ,INTEREST PAYMENT         
UN,930SCL35,SCL 9.30% 2035 Sr XIII,18/08/2025, , ,18/08/2025, , ,INTEREST PAYMENT         
UO,955SCL35,SCL 9.55% 2035 Sr XIII,18/08/2025, , ,18/08/2025, , ,INTEREST PAYMENT         
UR,770RECL26,REC 7.70% 2026 Sr 234-A,18/08/2025, , ,18/08/2025, , ,INTEREST PAYMENT         
UZ,935IIFL28,IIFL 9.35% Tr I Sr V,18/08/2025, , ,18/08/2025, , ,INTEREST PAYMENT         
Y2,960IIFL30,IIFL 9.60% Tr I Sr VIII,18/08/2025, , ,18/08/2025, , ,INTEREST PAYMENT         
ZC,888SCL26A,SEC RE NCD 8.88% SR II,18/08/2025, , ,18/08/2025, , ,INTEREST PAYMENT         
ZD,925SCL26D,SEC RE NCD 9.25% SR II,18/08/2025, , ,18/08/2025, , ,INTEREST PAYMENT         
ZI,902SCL27A,SEC RE NCD 9.02% SR V,18/08/2025, , ,18/08/2025, , ,INTEREST PAYMENT         
ZJ,948SCL27A,SEC RE NCD 9.48% SR V,18/08/2025, , ,18/08/2025, , ,INTEREST PAYMENT         
ZM,925SCL29A,SEC RE NCD 9.25% SR VIII,18/08/2025, , ,18/08/2025, , ,INTEREST PAYMENT         
ZN,971SCL29A,SEC RE NCD 9.71% SR VIII,18/08/2025, , ,18/08/2025, , ,INTEREST PAYMENT         
ZQ,1003SCL31,SEC RE NCD 10.03% SR X,18/08/2025, , ,18/08/2025, , ,INTEREST PAYMENT         
ZS,98SCL34,SEC RE NCD 9.80% SR XII,18/08/2025, , ,18/08/2025, , ,INTEREST PAYMENT         
ZT,1025SCL34A,SEC RE NCD 10.25% SR XII,18/08/2025, , ,18/08/2025, , ,INTEREST PAYMENT         

